id,name,address
1,Rajeethan,"House No. 114, Urban Estate Phase 2 Road, Patiala"
2,Divishnan,"House No. 130, Adalat Bazar Market, Patiala"
3,Nalangkilli,"House No. 214, Railway Station Colony, Patiala"
4,Keshev,"House No. 206, Nabha Road Market, Patiala"
5,Dushanthika,"House No. 133, Gopal Sweets Market, Patiala"
6,Dheshga,"House No. 57, Anardana Chowk Phase, Patiala"
7,Suedesh,"House No. 73, Nabha Road Enclave, Patiala"
8,Krithi,"House No. 122, Model Town Market, Patiala"
9,Nishman,"House No. 233, Moti Bagh Palace Street, Patiala"
10,Lucknaah,"House No. 251, Urban Estate Phase 2 Street, Patiala"
11,Branitha,"House No. 23, Moti Bagh Palace Colony, Patiala"
12,Astrit,"House No. 27, Punjabi University Market, Patiala"
13,Luckshikaa,"House No. 350, Anardana Chowk Colony, Patiala"
14,Eravanen,"House No. 358, Model Town Street, Patiala"
15,Kuppa,"House No. 38, Urban Estate Phase 2 Road, Patiala"
16,Yudhisthira,"House No. 15, Model Town Road, Patiala"
17,Champakavathi,"House No. 91, Leela Bhawan Enclave, Patiala"
18,Udita,"House No. 175, Adalat Bazar Street, Patiala"
19,Yaathami,"House No. 499, Choti Baradari Market, Patiala"
20,Aalok,"House No. 437, Railway Station Market, Patiala"
21,Daridriya,"House No. 158, Adalat Bazar Enclave, Patiala"
22,Paarika,"House No. 210, Choti Baradari Market, Patiala"
23,Virendri,"House No. 123, Moti Bagh Palace Phase, Patiala"
24,Upagupta,"House No. 336, Moti Bagh Palace Enclave, Patiala"
25,Vithaka,"House No. 199, Model Town Phase, Patiala"
26,Dayita,"House No. 161, Sirhind Road Street, Patiala"
27,Tharakan,"House No. 52, Railway Station Phase, Patiala"
28,Yanushan,"House No. 81, Adalat Bazar Enclave, Patiala"
29,Abisayan,"House No. 149, Urban Estate Phase 2 Road, Patiala"
30,Reyaan,"House No. 231, Leela Bhawan Colony, Patiala"
31,Inbaraj,"House No. 164, Adalat Bazar Phase, Patiala"
32,Manju sri,"House No. 304, Railway Station Road, Patiala"
33,Barna,"House No. 163, Phowara Chowk Street, Patiala"
34,Aadhiren,"House No. 32, Rajindra Hospital Road, Patiala"
35,Maasilan,"House No. 463, Moti Bagh Palace Enclave, Patiala"
36,Kobanan,"House No. 190, Phowara Chowk Phase, Patiala"
37,Samir,"House No. 425, Tripri Street, Patiala"
38,Liani,"House No. 344, Patiala Bus Stand Phase, Patiala"
39,Suvaathishan,"House No. 347, Moti Bagh Palace Phase, Patiala"
40,Sagadevan,"House No. 372, Choti Baradari Colony, Patiala"
41,Abirran,"House No. 443, Urban Estate Phase 2 Colony, Patiala"
42,Romilan,"House No. 243, Leela Bhawan Road, Patiala"
43,Dharsu,"House No. 225, Mall Road Phase, Patiala"
44,Vinushi,"House No. 368, Moti Bagh Palace Colony, Patiala"
45,Kaivalya,"House No. 13, Anardana Chowk Enclave, Patiala"
46,Arukshana,"House No. 37, Railway Station Market, Patiala"
47,Sahiran,"House No. 91, Urban Estate Phase 2 Road, Patiala"
48,Aamod,"House No. 31, Thapar University Road, Patiala"
49,Athushnan,"House No. 470, Lower Mall Market, Patiala"
50,Dharani,"House No. 2, Leela Bhawan Street, Patiala"
51,Ashantini,"House No. 362, Gopal Sweets Enclave, Patiala"
52,Vithukeshan,"House No. 215, Rajindra Hospital Phase, Patiala"
53,Mohanakrishna,"House No. 457, Mall Road Street, Patiala"
54,Hari srinivas,"House No. 99, Gopal Sweets Enclave, Patiala"
55,Upakaar,"House No. 421, Lower Mall Colony, Patiala"
56,Kaliraj,"House No. 79, Urban Estate Phase 2 Colony, Patiala"
57,Alagiri,"House No. 487, Urban Estate Phase 2 Street, Patiala"
58,Nirpana,"House No. 436, Rajpura Road Colony, Patiala"
59,Thasharakan,"House No. 316, Moti Bagh Palace Market, Patiala"
60,Prageethen,"House No. 166, Moti Bagh Palace Market, Patiala"
61,Sanatan,"House No. 194, Rajpura Road Street, Patiala"
62,Vishranti,"House No. 497, Rajindra Hospital Road, Patiala"
63,Natali,"House No. 229, Sirhind Road Road, Patiala"
64,Rudhrika,"House No. 2, Tripri Colony, Patiala"
65,Padmodbhava,"House No. 167, Punjabi University Colony, Patiala"
66,Pranayan,"House No. 344, Moti Bagh Palace Phase, Patiala"
67,Gini,"House No. 268, Railway Station Phase, Patiala"
68,Pushpathas,"House No. 295, Gopal Sweets Market, Patiala"
69,Amrit,"House No. 254, Sirhind Road Road, Patiala"
70,Vinumitra,"House No. 144, Moti Bagh Palace Street, Patiala"
71,Andal,"House No. 138, Phowara Chowk Street, Patiala"
72,Dalsher,"House No. 167, Sirhind Road Enclave, Patiala"
73,Sanjaykumar,"House No. 463, Mall Road Road, Patiala"
74,Alakananda,"House No. 307, Rajindra Hospital Phase, Patiala"
75,Niveshtha,"House No. 203, Moti Bagh Palace Road, Patiala"
76,Eshvar,"House No. 429, Railway Station Road, Patiala"
77,Ahalyani,"House No. 274, Rajpura Road Colony, Patiala"
78,Abdus Salaam,"House No. 363, Adalat Bazar Street, Patiala"
79,Thaksin,"House No. 334, Model Town Phase, Patiala"
80,Tuhi,"House No. 183, Sirhind Road Road, Patiala"
81,Tashena,"House No. 259, Phowara Chowk Street, Patiala"
82,Ahilarakshan,"House No. 177, Rajindra Hospital Colony, Patiala"
83,Hrish,"House No. 396, Railway Station Enclave, Patiala"
84,Avreen,"House No. 487, Railway Station Street, Patiala"
85,Kalash,"House No. 45, Nabha Road Colony, Patiala"
86,Anuya,"House No. 64, Nabha Road Phase, Patiala"
87,Kulandavelayudhan,"House No. 101, Rajpura Road Enclave, Patiala"
88,Achuthan,"House No. 222, Phowara Chowk Street, Patiala"
89,Venaya,"House No. 365, Patiala Bus Stand Street, Patiala"
90,Draupadi,"House No. 38, Nabha Road Market, Patiala"
91,Vibhavari,"House No. 109, Sirhind Road Market, Patiala"
92,Revashini,"House No. 281, Rajpura Road Road, Patiala"
93,Krishmitha,"House No. 42, Rajindra Hospital Colony, Patiala"
94,Ramendra,"House No. 418, Sirhind Road Market, Patiala"
95,Jeyanika,"House No. 202, Tripri Phase, Patiala"
96,Anathmika,"House No. 89, Urban Estate Phase 2 Enclave, Patiala"
97,Dharmpaal,"House No. 170, Moti Bagh Palace Phase, Patiala"
98,Chellamani,"House No. 28, Rajpura Road Road, Patiala"
99,Aradhanaa,"House No. 211, Railway Station Phase, Patiala"
100,Vivitha,"House No. 315, Moti Bagh Palace Market, Patiala"
101,Abra,"House No. 260, Moti Bagh Palace Road, Patiala"
102,Shiva Kumaran,"House No. 370, Railway Station Enclave, Patiala"
103,Harakodhandarama,"House No. 59, Phowara Chowk Colony, Patiala"
104,Namaya,"House No. 328, Leela Bhawan Street, Patiala"
105,Thameera,"House No. 390, Phowara Chowk Phase, Patiala"
106,Nevish,"House No. 50, Gopal Sweets Enclave, Patiala"
107,Amruth,"House No. 174, Lower Mall Road, Patiala"
108,Veebishni,"House No. 49, Railway Station Street, Patiala"
109,Raguraj,"House No. 94, Mall Road Road, Patiala"
110,Yasasvini,"House No. 241, Nabha Road Street, Patiala"
111,Biranuka,"House No. 322, Mall Road Enclave, Patiala"
112,Prantik,"House No. 284, Model Town Market, Patiala"
113,Suvaathith,"House No. 10, Leela Bhawan Road, Patiala"
114,Anjane,"House No. 295, Anardana Chowk Phase, Patiala"
115,Indhrani,"House No. 242, Thapar University Phase, Patiala"
116,Ekaja,"House No. 41, Gopal Sweets Enclave, Patiala"
117,Divekar,"House No. 285, Rajindra Hospital Market, Patiala"
118,Thillai,"House No. 470, Leela Bhawan Street, Patiala"
119,Alden,"House No. 5, Sirhind Road Phase, Patiala"
120,Gowrathan,"House No. 136, Mall Road Phase, Patiala"
121,Lema,"House No. 363, Tripri Market, Patiala"
122,Aanjaneya,"House No. 125, Thapar University Market, Patiala"
123,Athanyan,"House No. 323, Thapar University Market, Patiala"
124,Subir,"House No. 461, Moti Bagh Palace Market, Patiala"
125,Rajavenn,"House No. 104, Sirhind Road Phase, Patiala"
126,Nirup,"House No. 235, Rajpura Road Road, Patiala"
127,Malakan,"House No. 212, Phowara Chowk Road, Patiala"
128,Vimisika,"House No. 219, Choti Baradari Enclave, Patiala"
129,Santhikan,"House No. 240, Model Town Colony, Patiala"
130,Kathirvaani,"House No. 462, Model Town Road, Patiala"
131,Shishul,"House No. 491, Choti Baradari Market, Patiala"
132,Sanakan,"House No. 155, Mall Road Road, Patiala"
133,Niji,"House No. 163, Rajpura Road Enclave, Patiala"
134,Majeepan,"House No. 68, Choti Baradari Phase, Patiala"
135,Lathuran,"House No. 34, Moti Bagh Palace Market, Patiala"
136,Ellaalan,"House No. 387, Mall Road Street, Patiala"
137,Balaichand,"House No. 177, Tripri Road, Patiala"
138,Thanakaran,"House No. 267, Lower Mall Enclave, Patiala"
139,Shriranjan,"House No. 316, Moti Bagh Palace Colony, Patiala"
140,Chris,"House No. 448, Urban Estate Phase 2 Street, Patiala"
141,Thasan,"House No. 435, Choti Baradari Market, Patiala"
142,Dwarakan,"House No. 259, Moti Bagh Palace Street, Patiala"
143,Patheepan,"House No. 152, Gopal Sweets Market, Patiala"
144,Pavisana,"House No. 313, Anardana Chowk Phase, Patiala"
145,Dasharath,"House No. 207, Rajindra Hospital Colony, Patiala"
146,Patanjali,"House No. 193, Thapar University Phase, Patiala"
147,Leenusha,"House No. 220, Nabha Road Street, Patiala"
148,Tarvin,"House No. 414, Leela Bhawan Enclave, Patiala"
149,Haranya,"House No. 288, Urban Estate Phase 2 Colony, Patiala"
150,Janasruti,"House No. 154, Nabha Road Road, Patiala"
151,Ramyatha,"House No. 41, Phowara Chowk Phase, Patiala"
152,Rakshikan,"House No. 50, Sirhind Road Enclave, Patiala"
153,Geetanjali,"House No. 142, Adalat Bazar Road, Patiala"
154,Eelaventhan,"House No. 477, Mall Road Road, Patiala"
155,Imarsayan,"House No. 8, Model Town Phase, Patiala"
156,Ileana,"House No. 461, Railway Station Enclave, Patiala"
157,Hari Krishna,"House No. 54, Railway Station Enclave, Patiala"
158,Thushane,"House No. 374, Punjabi University Market, Patiala"
159,Angelica,"House No. 155, Thapar University Colony, Patiala"
160,Karthidevan,"House No. 81, Rajpura Road Street, Patiala"
161,Sakthikaa,"House No. 56, Mall Road Market, Patiala"
162,Arhathi,"House No. 90, Rajpura Road Phase, Patiala"
163,Rajavignesh,"House No. 302, Leela Bhawan Colony, Patiala"
164,Gurjas,"House No. 401, Rajpura Road Market, Patiala"
165,Govin,"House No. 311, Tripri Street, Patiala"
166,Ratri,"House No. 412, Phowara Chowk Colony, Patiala"
167,Nisharna,"House No. 187, Tripri Market, Patiala"
168,Chandra,"House No. 323, Rajindra Hospital Market, Patiala"
169,Kabila,"House No. 121, Rajpura Road Road, Patiala"
170,Ramshina,"House No. 23, Mall Road Street, Patiala"
171,Kanaalan,"House No. 476, Sirhind Road Colony, Patiala"
172,Roxana,"House No. 470, Phowara Chowk Market, Patiala"
173,Kaavetha,"House No. 476, Moti Bagh Palace Colony, Patiala"
174,Mivaan,"House No. 375, Tripri Phase, Patiala"
175,Niara,"House No. 241, Tripri Market, Patiala"
176,Balamithran,"House No. 314, Choti Baradari Enclave, Patiala"
177,Kshaunish,"House No. 372, Nabha Road Colony, Patiala"
178,Prathima,"House No. 194, Nabha Road Market, Patiala"
179,Vakeni,"House No. 410, Mall Road Phase, Patiala"
180,Vedashri,"House No. 37, Rajindra Hospital Colony, Patiala"
181,Monick,"House No. 61, Patiala Bus Stand Enclave, Patiala"
182,Harsana,"House No. 196, Urban Estate Phase 2 Phase, Patiala"
183,Preman,"House No. 249, Adalat Bazar Enclave, Patiala"
184,Rupasree,"House No. 325, Patiala Bus Stand Street, Patiala"
185,Lathiksha,"House No. 368, Thapar University Colony, Patiala"
186,Einiya,"House No. 106, Thapar University Street, Patiala"
187,Loshanth,"House No. 248, Moti Bagh Palace Road, Patiala"
188,Vinayaa,"House No. 68, Nabha Road Street, Patiala"
189,Marusan,"House No. 58, Urban Estate Phase 2 Street, Patiala"
190,Biral,"House No. 400, Moti Bagh Palace Road, Patiala"
191,Viswajanya,"House No. 316, Lower Mall Phase, Patiala"
192,Neysa,"House No. 65, Lower Mall Phase, Patiala"
193,Abbas,"House No. 172, Phowara Chowk Colony, Patiala"
194,Harichandana,"House No. 44, Sirhind Road Colony, Patiala"
195,Shay,"House No. 76, Railway Station Road, Patiala"
196,Arvi,"House No. 118, Phowara Chowk Phase, Patiala"
197,Rattan,"House No. 221, Anardana Chowk Colony, Patiala"
198,Paridasan,"House No. 403, Nabha Road Street, Patiala"
199,Maurima,"House No. 38, Rajpura Road Market, Patiala"
200,Jaiwant,"House No. 24, Moti Bagh Palace Road, Patiala"
201,Iniyazh,"House No. 96, Urban Estate Phase 2 Market, Patiala"
202,Sanathan,"House No. 309, Moti Bagh Palace Enclave, Patiala"
203,Kishara,"House No. 435, Punjabi University Enclave, Patiala"
204,Jaymen,"House No. 183, Tripri Phase, Patiala"
205,Praganya,"House No. 472, Mall Road Colony, Patiala"
206,Thaanushan,"House No. 49, Mall Road Phase, Patiala"
207,Howsiha,"House No. 211, Urban Estate Phase 2 Street, Patiala"
208,Amuk,"House No. 324, Nabha Road Market, Patiala"
209,Midharshena,"House No. 22, Lower Mall Phase, Patiala"
210,Dishan,"House No. 109, Patiala Bus Stand Road, Patiala"
211,Gokula krishna,"House No. 221, Sirhind Road Market, Patiala"
212,Deneshan,"House No. 411, Anardana Chowk Colony, Patiala"
213,Hridayanshu,"House No. 359, Phowara Chowk Enclave, Patiala"
214,Anushi,"House No. 434, Adalat Bazar Colony, Patiala"
215,Nidhulan,"House No. 219, Rajindra Hospital Market, Patiala"
216,Aseem,"House No. 79, Gopal Sweets Phase, Patiala"
217,Sevanth,"House No. 28, Urban Estate Phase 2 Market, Patiala"
218,Umaselvan,"House No. 9, Leela Bhawan Enclave, Patiala"
219,Muni,"House No. 214, Gopal Sweets Phase, Patiala"
220,Kovid,"House No. 39, Patiala Bus Stand Colony, Patiala"
221,Dattatreya,"House No. 191, Mall Road Market, Patiala"
222,Birbal,"House No. 223, Adalat Bazar Colony, Patiala"
223,Aalisha,"House No. 96, Tripri Colony, Patiala"
224,Bhaasvar,"House No. 287, Patiala Bus Stand Colony, Patiala"
225,Uyiral,"House No. 204, Tripri Enclave, Patiala"
226,Daedeepya,"House No. 143, Choti Baradari Market, Patiala"
227,Vasudharini,"House No. 123, Punjabi University Phase, Patiala"
228,Baltej,"House No. 139, Model Town Colony, Patiala"
229,Chithran,"House No. 344, Mall Road Enclave, Patiala"
230,Poonkulavathany,"House No. 239, Patiala Bus Stand Enclave, Patiala"
231,Ananthigai,"House No. 409, Punjabi University Enclave, Patiala"
232,Prajasri,"House No. 204, Moti Bagh Palace Market, Patiala"
233,Nityarubini,"House No. 197, Nabha Road Street, Patiala"
234,Sijaanthan,"House No. 383, Railway Station Road, Patiala"
235,Keethitha,"House No. 179, Rajpura Road Road, Patiala"
236,Afra,"House No. 99, Railway Station Road, Patiala"
237,Nayanthana,"House No. 284, Choti Baradari Enclave, Patiala"
238,Sivatharchan,"House No. 444, Adalat Bazar Phase, Patiala"
239,Warshan,"House No. 87, Rajpura Road Road, Patiala"
240,Shaarujen,"House No. 185, Rajpura Road Phase, Patiala"
241,Jeyarshan,"House No. 362, Model Town Enclave, Patiala"
242,Vaanee,"House No. 370, Phowara Chowk Road, Patiala"
243,Rubana,"House No. 468, Model Town Road, Patiala"
244,Jeeviethan,"House No. 338, Punjabi University Enclave, Patiala"
245,Movithiyan,"House No. 266, Thapar University Road, Patiala"
246,Falgun,"House No. 399, Anardana Chowk Phase, Patiala"
247,Kirikaesha,"House No. 308, Sirhind Road Enclave, Patiala"
248,Nishav,"House No. 158, Nabha Road Enclave, Patiala"
249,Allavili,"House No. 38, Tripri Market, Patiala"
250,Ravi Kanth,"House No. 110, Urban Estate Phase 2 Colony, Patiala"
251,Hasanthi,"House No. 256, Choti Baradari Road, Patiala"
252,Aakarshana,"House No. 123, Urban Estate Phase 2 Market, Patiala"
253,Abel,"House No. 179, Anardana Chowk Road, Patiala"
254,Dikshita,"House No. 452, Phowara Chowk Market, Patiala"
255,Himavarshni,"House No. 224, Nabha Road Phase, Patiala"
256,Rupshikha,"House No. 306, Rajindra Hospital Phase, Patiala"
257,Vibishaan,"House No. 482, Rajindra Hospital Market, Patiala"
258,Gomini,"House No. 330, Gopal Sweets Enclave, Patiala"
259,Binaisha,"House No. 161, Model Town Enclave, Patiala"
260,Aavinya,"House No. 229, Patiala Bus Stand Phase, Patiala"
261,Biratha,"House No. 445, Sirhind Road Phase, Patiala"
262,Yasitha,"House No. 467, Punjabi University Road, Patiala"
263,Hariniya,"House No. 63, Moti Bagh Palace Enclave, Patiala"
264,Harihara Putra,"House No. 339, Mall Road Street, Patiala"
265,Chaanakya,"House No. 49, Punjabi University Road, Patiala"
266,Ariktha,"House No. 302, Choti Baradari Market, Patiala"
267,Dhakshetha,"House No. 122, Gopal Sweets Colony, Patiala"
268,Nilshana,"House No. 244, Rajpura Road Street, Patiala"
269,Rubin,"House No. 213, Rajindra Hospital Enclave, Patiala"
270,Hemen,"House No. 121, Adalat Bazar Enclave, Patiala"
271,Vilshana,"House No. 417, Leela Bhawan Road, Patiala"
272,Lokindar,"House No. 131, Rajpura Road Phase, Patiala"
273,Kirishika,"House No. 290, Urban Estate Phase 2 Phase, Patiala"
274,Chaten,"House No. 264, Anardana Chowk Enclave, Patiala"
275,Thamija,"House No. 121, Nabha Road Enclave, Patiala"
276,Niththila,"House No. 305, Rajpura Road Market, Patiala"
277,Jeevakaarunya,"House No. 118, Phowara Chowk Enclave, Patiala"
278,Nathunaa,"House No. 38, Sirhind Road Market, Patiala"
279,Dhivesh,"House No. 372, Mall Road Market, Patiala"
280,Gowshiya,"House No. 206, Patiala Bus Stand Market, Patiala"
281,Aligendran,"House No. 347, Nabha Road Colony, Patiala"
282,Lisshan,"House No. 339, Choti Baradari Street, Patiala"
283,Nitharshana,"House No. 3, Rajindra Hospital Phase, Patiala"
284,Vickrah,"House No. 234, Rajindra Hospital Enclave, Patiala"
285,Nishanthana,"House No. 261, Thapar University Colony, Patiala"
286,Keethiga,"House No. 161, Phowara Chowk Enclave, Patiala"
287,Neelalogini,"House No. 33, Lower Mall Colony, Patiala"
288,Dharanai,"House No. 275, Tripri Phase, Patiala"
289,Pulithevan,"House No. 250, Leela Bhawan Road, Patiala"
290,Rovisha,"House No. 487, Model Town Market, Patiala"
291,Lahirthana,"House No. 425, Thapar University Street, Patiala"
292,Abinaesh,"House No. 213, Model Town Road, Patiala"
293,Usman,"House No. 205, Mall Road Market, Patiala"
294,Thaaruthan,"House No. 245, Sirhind Road Street, Patiala"
295,Ratash,"House No. 217, Gopal Sweets Colony, Patiala"
296,Sridip,"House No. 175, Rajindra Hospital Colony, Patiala"
297,Ava,"House No. 143, Punjabi University Road, Patiala"
298,Vanirudh,"House No. 96, Urban Estate Phase 2 Market, Patiala"
299,Kobinan,"House No. 392, Railway Station Colony, Patiala"
300,Nirav,"House No. 245, Choti Baradari Enclave, Patiala"
301,Yashra,"House No. 175, Choti Baradari Road, Patiala"
302,Tamilzhaki,"House No. 165, Punjabi University Phase, Patiala"
303,Jeyavirasi,"House No. 285, Gopal Sweets Market, Patiala"
304,Namahan,"House No. 400, Rajpura Road Colony, Patiala"
305,Vaikaimaaran,"House No. 284, Model Town Enclave, Patiala"
306,Yaavithyan,"House No. 500, Tripri Market, Patiala"
307,Thuvaaragi,"House No. 384, Patiala Bus Stand Phase, Patiala"
308,Apasyu,"House No. 225, Rajindra Hospital Road, Patiala"
309,Magarantha,"House No. 280, Punjabi University Phase, Patiala"
310,Shanushan,"House No. 436, Moti Bagh Palace Enclave, Patiala"
311,Tharugasini,"House No. 276, Leela Bhawan Road, Patiala"
312,Voransh,"House No. 144, Sirhind Road Street, Patiala"
313,Agasthya,"House No. 456, Thapar University Enclave, Patiala"
314,Mukundhasri,"House No. 339, Lower Mall Road, Patiala"
315,Mithunan,"House No. 418, Anardana Chowk Road, Patiala"
316,Goswamee,"House No. 128, Choti Baradari Street, Patiala"
317,Jayasree,"House No. 351, Gopal Sweets Colony, Patiala"
318,Vimoshan,"House No. 286, Leela Bhawan Colony, Patiala"
319,Gautam,"House No. 21, Anardana Chowk Market, Patiala"
320,Sujanthan,"House No. 80, Thapar University Phase, Patiala"
321,Yashodharan,"House No. 375, Punjabi University Road, Patiala"
322,Sreevin,"House No. 62, Punjabi University Market, Patiala"
323,Devantakanashakarin,"House No. 17, Anardana Chowk Road, Patiala"
324,Lemar,"House No. 426, Moti Bagh Palace Market, Patiala"
325,Lokya,"House No. 129, Rajindra Hospital Street, Patiala"
326,Vishanthini,"House No. 444, Thapar University Road, Patiala"
327,Thivaayanan,"House No. 452, Rajindra Hospital Phase, Patiala"
328,Kavilen,"House No. 467, Rajpura Road Phase, Patiala"
329,Kankangi,"House No. 432, Thapar University Enclave, Patiala"
330,Sivamanohar,"House No. 22, Mall Road Street, Patiala"
331,Ramatheepan,"House No. 298, Nabha Road Road, Patiala"
332,Vinushara,"House No. 113, Railway Station Colony, Patiala"
333,Dashina,"House No. 77, Rajindra Hospital Road, Patiala"
334,Annie,"House No. 283, Leela Bhawan Street, Patiala"
335,Subarshan,"House No. 397, Rajindra Hospital Market, Patiala"
336,Gomesh,"House No. 500, Sirhind Road Market, Patiala"
337,Atshaya,"House No. 135, Leela Bhawan Road, Patiala"
338,Pavan Teja,"House No. 43, Thapar University Phase, Patiala"
339,Anuraagaa,"House No. 78, Urban Estate Phase 2 Colony, Patiala"
340,Mithulram,"House No. 455, Anardana Chowk Enclave, Patiala"
341,Daranya,"House No. 28, Punjabi University Road, Patiala"
342,Mishaanan,"House No. 110, Nabha Road Phase, Patiala"
343,Anandani,"House No. 359, Railway Station Market, Patiala"
344,Navishnu,"House No. 240, Tripri Market, Patiala"
345,Bhavadeep,"House No. 371, Thapar University Market, Patiala"
346,Rev,"House No. 83, Urban Estate Phase 2 Colony, Patiala"
347,Harivardhan,"House No. 123, Patiala Bus Stand Enclave, Patiala"
348,Aravaraiyan,"House No. 56, Lower Mall Road, Patiala"
349,Kavinaya,"House No. 228, Rajindra Hospital Enclave, Patiala"
350,Buvaani,"House No. 39, Lower Mall Enclave, Patiala"
351,Prashamsa,"House No. 106, Rajpura Road Enclave, Patiala"
352,Thiyaashan,"House No. 126, Mall Road Street, Patiala"
353,Meghnath,"House No. 496, Sirhind Road Enclave, Patiala"
354,Ihit,"House No. 208, Adalat Bazar Road, Patiala"
355,Jeygan,"House No. 329, Rajpura Road Market, Patiala"
356,Nilaanikka,"House No. 157, Nabha Road Colony, Patiala"
357,Anaisha,"House No. 66, Urban Estate Phase 2 Phase, Patiala"
358,Smitraj,"House No. 40, Sirhind Road Colony, Patiala"
359,Yoginampati,"House No. 243, Adalat Bazar Market, Patiala"
360,Raman,"House No. 217, Phowara Chowk Phase, Patiala"
361,Muhaari,"House No. 412, Choti Baradari Road, Patiala"
362,Abineshwaran,"House No. 298, Phowara Chowk Market, Patiala"
363,Mahuya,"House No. 301, Model Town Enclave, Patiala"
364,Nandita,"House No. 113, Tripri Market, Patiala"
365,Baalakrishna,"House No. 1, Nabha Road Road, Patiala"
366,Balasundhari,"House No. 196, Adalat Bazar Market, Patiala"
367,Vibanya,"House No. 99, Nabha Road Street, Patiala"
368,Tamilvaanan,"House No. 57, Phowara Chowk Colony, Patiala"
369,Thaanya,"House No. 85, Rajindra Hospital Enclave, Patiala"
370,Gajenranatan,"House No. 493, Nabha Road Phase, Patiala"
371,Varesikh,"House No. 271, Sirhind Road Market, Patiala"
372,Farha,"House No. 193, Phowara Chowk Colony, Patiala"
373,Anunika,"House No. 302, Rajpura Road Colony, Patiala"
374,Yaatharshan,"House No. 309, Railway Station Market, Patiala"
375,Varshini,"House No. 33, Gopal Sweets Phase, Patiala"
376,Lavaniya,"House No. 229, Nabha Road Phase, Patiala"
377,Dilukshika,"House No. 490, Sirhind Road Phase, Patiala"
378,Keeshmita,"House No. 467, Patiala Bus Stand Market, Patiala"
379,Bowya,"House No. 22, Nabha Road Market, Patiala"
380,Maadhuren,"House No. 379, Tripri Phase, Patiala"
381,Salvi,"House No. 190, Mall Road Phase, Patiala"
382,Simbhu,"House No. 130, Adalat Bazar Market, Patiala"
383,Vaitheegan,"House No. 162, Choti Baradari Colony, Patiala"
384,Driti,"House No. 128, Adalat Bazar Phase, Patiala"
385,Devnesh,"House No. 359, Railway Station Street, Patiala"
386,Tamilarasu,"House No. 473, Moti Bagh Palace Phase, Patiala"
387,Deeksithan,"House No. 29, Railway Station Enclave, Patiala"
388,Jamilla,"House No. 315, Nabha Road Street, Patiala"
389,Rajrishi,"House No. 92, Patiala Bus Stand Phase, Patiala"
390,Abbi,"House No. 117, Rajindra Hospital Street, Patiala"
391,Suseenthiran,"House No. 286, Mall Road Phase, Patiala"
392,Gobi krishnan,"House No. 467, Phowara Chowk Colony, Patiala"
393,Abinaga,"House No. 172, Nabha Road Colony, Patiala"
394,Neyash,"House No. 269, Nabha Road Market, Patiala"
395,Viswanath,"House No. 53, Leela Bhawan Colony, Patiala"
396,Nishaan,"House No. 280, Tripri Road, Patiala"
397,Suthagar,"House No. 465, Phowara Chowk Road, Patiala"
398,Ganikasri,"House No. 121, Phowara Chowk Phase, Patiala"
399,Sanjib,"House No. 31, Railway Station Phase, Patiala"
400,Yavneeth,"House No. 258, Moti Bagh Palace Market, Patiala"
401,Anura,"House No. 177, Adalat Bazar Street, Patiala"
402,Devanya,"House No. 92, Anardana Chowk Street, Patiala"
403,Raheethan,"House No. 412, Thapar University Street, Patiala"
404,Bela,"House No. 403, Phowara Chowk Colony, Patiala"
405,Nyshita,"House No. 215, Nabha Road Street, Patiala"
406,Mag Raj,"House No. 453, Rajindra Hospital Street, Patiala"
407,Vigna,"House No. 291, Lower Mall Colony, Patiala"
408,Diptava,"House No. 359, Sirhind Road Market, Patiala"
409,Thusy,"House No. 193, Model Town Enclave, Patiala"
410,Gaananthi,"House No. 141, Nabha Road Phase, Patiala"
411,Oni,"House No. 295, Patiala Bus Stand Street, Patiala"
412,Thileepika,"House No. 259, Leela Bhawan Enclave, Patiala"
413,Kavinashini,"House No. 287, Lower Mall Street, Patiala"
414,Dashami,"House No. 165, Nabha Road Street, Patiala"
415,Umeash,"House No. 22, Leela Bhawan Colony, Patiala"
416,Samunnathi,"House No. 104, Railway Station Street, Patiala"
417,Ahshayah,"House No. 250, Punjabi University Colony, Patiala"
418,Yesvanth,"House No. 474, Adalat Bazar Market, Patiala"
419,Zintha,"House No. 271, Punjabi University Road, Patiala"
420,Hiru,"House No. 58, Mall Road Colony, Patiala"
421,Harsanth,"House No. 419, Rajpura Road Colony, Patiala"
422,Natalie,"House No. 406, Leela Bhawan Road, Patiala"
423,Lavik,"House No. 8, Sirhind Road Colony, Patiala"
424,Bijaya,"House No. 171, Rajindra Hospital Road, Patiala"
425,Illakiyakathir,"House No. 299, Moti Bagh Palace Colony, Patiala"
426,Ponsaravana,"House No. 316, Rajpura Road Phase, Patiala"
427,Jeyarshanan,"House No. 363, Mall Road Market, Patiala"
428,Poorvik,"House No. 357, Punjabi University Street, Patiala"
429,Dhavanitha,"House No. 67, Leela Bhawan Phase, Patiala"
430,Vinithraa,"House No. 60, Rajindra Hospital Street, Patiala"
431,Shathick,"House No. 466, Rajindra Hospital Phase, Patiala"
432,Kristhikan,"House No. 379, Gopal Sweets Colony, Patiala"
433,Akaisha,"House No. 175, Railway Station Road, Patiala"
434,Indrajeet,"House No. 68, Gopal Sweets Market, Patiala"
435,Meyyanbu,"House No. 290, Adalat Bazar Phase, Patiala"
436,Malajan,"House No. 244, Model Town Road, Patiala"
437,Puspha,"House No. 307, Gopal Sweets Colony, Patiala"
438,Lathunika,"House No. 35, Railway Station Street, Patiala"
439,Vita,"House No. 227, Phowara Chowk Colony, Patiala"
440,Sowthrayen,"House No. 390, Adalat Bazar Road, Patiala"
441,Seerujan,"House No. 326, Anardana Chowk Enclave, Patiala"
442,Sachchit,"House No. 206, Punjabi University Street, Patiala"
443,Kajen,"House No. 422, Choti Baradari Colony, Patiala"
444,Kameshwary,"House No. 8, Sirhind Road Street, Patiala"
445,Prachiti,"House No. 404, Rajindra Hospital Enclave, Patiala"
446,Shivakumar,"House No. 71, Anardana Chowk Colony, Patiala"
447,Iniavelan,"House No. 398, Anardana Chowk Street, Patiala"
448,Gobineshwary,"House No. 118, Gopal Sweets Street, Patiala"
449,Dharanidharan,"House No. 361, Nabha Road Enclave, Patiala"
450,Kirubha,"House No. 279, Gopal Sweets Road, Patiala"
451,Rishirhayan,"House No. 491, Phowara Chowk Market, Patiala"
452,Aarudh,"House No. 130, Urban Estate Phase 2 Road, Patiala"
453,Riddhya,"House No. 315, Railway Station Colony, Patiala"
454,Anhati,"House No. 273, Leela Bhawan Road, Patiala"
455,Yasmina,"House No. 130, Gopal Sweets Street, Patiala"
456,Aarisha,"House No. 275, Rajindra Hospital Road, Patiala"
457,Anahska,"House No. 3, Model Town Colony, Patiala"
458,Hirthickshan,"House No. 111, Urban Estate Phase 2 Street, Patiala"
459,Chakrikaa,"House No. 404, Nabha Road Market, Patiala"
460,Lokaraj,"House No. 26, Lower Mall Colony, Patiala"
461,Madhunisha,"House No. 317, Rajpura Road Colony, Patiala"
462,Vishwambaran,"House No. 211, Sirhind Road Phase, Patiala"
463,Jenathini,"House No. 479, Leela Bhawan Colony, Patiala"
464,Visweswara,"House No. 127, Nabha Road Phase, Patiala"
465,Dhashnu,"House No. 41, Phowara Chowk Market, Patiala"
466,Jethakaran,"House No. 173, Nabha Road Colony, Patiala"
467,Jayavanth,"House No. 35, Leela Bhawan Colony, Patiala"
468,Jaysitha,"House No. 486, Lower Mall Enclave, Patiala"
469,Yakshitha,"House No. 432, Tripri Enclave, Patiala"
470,Mythasan,"House No. 345, Urban Estate Phase 2 Road, Patiala"
471,Kiruthikan,"House No. 9, Model Town Colony, Patiala"
472,Deerthika,"House No. 341, Leela Bhawan Street, Patiala"
473,Sandru,"House No. 416, Leela Bhawan Enclave, Patiala"
474,Kalaigan,"House No. 49, Gopal Sweets Colony, Patiala"
475,Div,"House No. 72, Moti Bagh Palace Phase, Patiala"
476,Anartha,"House No. 182, Nabha Road Colony, Patiala"
477,Samsaran,"House No. 276, Punjabi University Street, Patiala"
478,Ananikha,"House No. 196, Punjabi University Colony, Patiala"
479,Yogannan,"House No. 464, Thapar University Market, Patiala"
480,Pujeetha,"House No. 152, Railway Station Street, Patiala"
481,Ragutharan,"House No. 311, Moti Bagh Palace Street, Patiala"
482,Dihan,"House No. 73, Gopal Sweets Road, Patiala"
483,Vinney,"House No. 93, Phowara Chowk Enclave, Patiala"
484,Naval,"House No. 157, Urban Estate Phase 2 Market, Patiala"
485,Gowthraya,"House No. 26, Urban Estate Phase 2 Street, Patiala"
486,Chaula,"House No. 167, Tripri Market, Patiala"
487,Tamilan,"House No. 118, Anardana Chowk Market, Patiala"
488,Brishti,"House No. 205, Leela Bhawan Phase, Patiala"
489,Usra,"House No. 283, Rajpura Road Street, Patiala"
490,Preamini,"House No. 63, Patiala Bus Stand Street, Patiala"
491,Sahastra,"House No. 134, Thapar University Colony, Patiala"
492,Parnal,"House No. 177, Urban Estate Phase 2 Colony, Patiala"
493,Sudharban,"House No. 371, Adalat Bazar Market, Patiala"
494,Pramod,"House No. 44, Model Town Market, Patiala"
495,Meralesh,"House No. 345, Urban Estate Phase 2 Street, Patiala"
496,Bikesh,"House No. 482, Model Town Colony, Patiala"
497,Vashnavi,"House No. 163, Leela Bhawan Colony, Patiala"
498,Chapala,"House No. 218, Phowara Chowk Colony, Patiala"
499,Prajkta,"House No. 86, Nabha Road Colony, Patiala"
500,Priyaharshini,"House No. 243, Choti Baradari Colony, Patiala"
501,Gnalam,"House No. 410, Rajpura Road Enclave, Patiala"
502,Pathin,"House No. 368, Leela Bhawan Market, Patiala"
503,Venkat,"House No. 6, Lower Mall Road, Patiala"
504,Prynan,"House No. 450, Patiala Bus Stand Phase, Patiala"
505,Nilahini,"House No. 176, Rajpura Road Colony, Patiala"
506,Leshmita,"House No. 451, Mall Road Colony, Patiala"
507,Inniyen,"House No. 293, Phowara Chowk Market, Patiala"
508,Vidhyadhar,"House No. 495, Choti Baradari Road, Patiala"
509,Deepen,"House No. 337, Rajpura Road Market, Patiala"
510,Apinaya,"House No. 451, Choti Baradari Road, Patiala"
511,Yugalraj,"House No. 224, Moti Bagh Palace Road, Patiala"
512,Eaellisaichelvi,"House No. 44, Thapar University Road, Patiala"
513,Asmetha,"House No. 298, Mall Road Enclave, Patiala"
514,Rathinaraman,"House No. 306, Mall Road Market, Patiala"
515,Mathurika,"House No. 60, Gopal Sweets Phase, Patiala"
516,Eisha,"House No. 361, Lower Mall Enclave, Patiala"
517,Cowshakan,"House No. 33, Railway Station Enclave, Patiala"
518,Aananthakumar,"House No. 479, Rajindra Hospital Colony, Patiala"
519,Prithoshni,"House No. 134, Choti Baradari Road, Patiala"
520,Packiya,"House No. 467, Rajindra Hospital Colony, Patiala"
521,Vishnusharan,"House No. 15, Model Town Colony, Patiala"
522,Nirthulanan,"House No. 486, Urban Estate Phase 2 Road, Patiala"
523,Vinyisha,"House No. 423, Tripri Street, Patiala"
524,Karnagaran,"House No. 366, Rajindra Hospital Road, Patiala"
525,Roshineeswari,"House No. 223, Anardana Chowk Market, Patiala"
526,Garud,"House No. 103, Leela Bhawan Enclave, Patiala"
527,Bhoja,"House No. 76, Punjabi University Street, Patiala"
528,Kugatharani,"House No. 25, Sirhind Road Colony, Patiala"
529,Yarshaya,"House No. 434, Tripri Street, Patiala"
530,Nayna,"House No. 380, Model Town Phase, Patiala"
531,Mehashree,"House No. 35, Tripri Street, Patiala"
532,Nitheepa,"House No. 210, Choti Baradari Road, Patiala"
533,Varhesh,"House No. 128, Phowara Chowk Colony, Patiala"
534,Guruprasath,"House No. 385, Adalat Bazar Market, Patiala"
535,Jonaraaja,"House No. 350, Urban Estate Phase 2 Market, Patiala"
536,Akashavartany,"House No. 192, Model Town Road, Patiala"
537,Vedprakash,"House No. 170, Phowara Chowk Road, Patiala"
538,Uddipta,"House No. 39, Patiala Bus Stand Phase, Patiala"
539,Yathunath,"House No. 80, Patiala Bus Stand Street, Patiala"
540,Limna,"House No. 186, Patiala Bus Stand Road, Patiala"
541,Anosan,"House No. 59, Sirhind Road Colony, Patiala"
542,Aarith,"House No. 380, Model Town Road, Patiala"
543,Jivith,"House No. 125, Model Town Road, Patiala"
544,Nagaveni,"House No. 322, Model Town Street, Patiala"
545,Navaneeta,"House No. 14, Leela Bhawan Road, Patiala"
546,Pirasanna,"House No. 215, Gopal Sweets Road, Patiala"
547,Matheeshan,"House No. 309, Thapar University Colony, Patiala"
548,Lakkinathan,"House No. 466, Moti Bagh Palace Enclave, Patiala"
549,Shikhar,"House No. 40, Punjabi University Colony, Patiala"
550,Rithika,"House No. 211, Railway Station Street, Patiala"
551,Yatudhani,"House No. 11, Sirhind Road Colony, Patiala"
552,Karthyan,"House No. 261, Nabha Road Phase, Patiala"
553,Yananjayan,"House No. 80, Rajpura Road Street, Patiala"
554,Avatar,"House No. 39, Tripri Street, Patiala"
555,Zaiden,"House No. 80, Thapar University Enclave, Patiala"
556,Mouliga,"House No. 147, Anardana Chowk Street, Patiala"
557,Aaroojan,"House No. 354, Railway Station Colony, Patiala"
558,Mahiman,"House No. 380, Patiala Bus Stand Colony, Patiala"
559,Koushagan,"House No. 406, Gopal Sweets Colony, Patiala"
560,Vardhani,"House No. 251, Tripri Road, Patiala"
561,Guntas,"House No. 233, Moti Bagh Palace Road, Patiala"
562,Visvatha,"House No. 235, Mall Road Market, Patiala"
563,Labona,"House No. 23, Leela Bhawan Enclave, Patiala"
564,Sasitaran,"House No. 371, Thapar University Colony, Patiala"
565,Varsinii,"House No. 163, Sirhind Road Phase, Patiala"
566,Laavanyah,"House No. 210, Moti Bagh Palace Market, Patiala"
567,Elamaran,"House No. 416, Sirhind Road Street, Patiala"
568,Varutheshan,"House No. 300, Moti Bagh Palace Market, Patiala"
569,Rajprakash,"House No. 68, Gopal Sweets Market, Patiala"
570,Amarkali,"House No. 160, Mall Road Enclave, Patiala"
571,Prameela,"House No. 228, Punjabi University Colony, Patiala"
572,Charuhasini,"House No. 332, Choti Baradari Enclave, Patiala"
573,Jasbeer,"House No. 84, Rajpura Road Road, Patiala"
574,Sathish,"House No. 420, Leela Bhawan Street, Patiala"
575,Nayanna,"House No. 20, Mall Road Colony, Patiala"
576,Koshana,"House No. 49, Model Town Colony, Patiala"
577,Venushanan,"House No. 23, Moti Bagh Palace Market, Patiala"
578,Bawankumar,"House No. 324, Sirhind Road Road, Patiala"
579,Ashvinie,"House No. 472, Rajindra Hospital Market, Patiala"
580,Kandeeban,"House No. 56, Mall Road Market, Patiala"
581,Adhiyan,"House No. 198, Patiala Bus Stand Phase, Patiala"
582,Sadabindu,"House No. 89, Leela Bhawan Market, Patiala"
583,Kaamisha,"House No. 340, Anardana Chowk Road, Patiala"
584,Ragulini,"House No. 313, Sirhind Road Colony, Patiala"
585,Vinamar,"House No. 26, Phowara Chowk Enclave, Patiala"
586,Kavipraja,"House No. 275, Rajindra Hospital Enclave, Patiala"
587,Ubasri,"House No. 410, Nabha Road Road, Patiala"
588,Nisvanth,"House No. 138, Choti Baradari Market, Patiala"
589,Kakali,"House No. 126, Leela Bhawan Street, Patiala"
590,Kanaklata,"House No. 403, Lower Mall Colony, Patiala"
591,Hamshika,"House No. 151, Punjabi University Phase, Patiala"
592,Yogith,"House No. 421, Patiala Bus Stand Street, Patiala"
593,Innuja,"House No. 135, Railway Station Colony, Patiala"
594,Sanjey,"House No. 289, Sirhind Road Road, Patiala"
595,Bharidharan,"House No. 74, Lower Mall Colony, Patiala"
596,Reema,"House No. 251, Moti Bagh Palace Enclave, Patiala"
597,Athasha,"House No. 354, Railway Station Phase, Patiala"
598,Vithican,"House No. 74, Choti Baradari Market, Patiala"
599,Shreejeet,"House No. 317, Patiala Bus Stand Market, Patiala"
600,Knish,"House No. 484, Patiala Bus Stand Enclave, Patiala"
601,Nithushakan,"House No. 48, Urban Estate Phase 2 Street, Patiala"
602,Puskala,"House No. 7, Rajpura Road Street, Patiala"
603,Rishigeshen,"House No. 435, Patiala Bus Stand Enclave, Patiala"
604,Thavakaran,"House No. 68, Nabha Road Phase, Patiala"
605,Aathiraya,"House No. 280, Mall Road Phase, Patiala"
606,Prayantha,"House No. 12, Phowara Chowk Enclave, Patiala"
607,Kiruben,"House No. 249, Lower Mall Market, Patiala"
608,Malka,"House No. 165, Rajpura Road Colony, Patiala"
609,Palani,"House No. 158, Model Town Colony, Patiala"
610,Saron,"House No. 355, Nabha Road Market, Patiala"
611,Arru,"House No. 85, Thapar University Market, Patiala"
612,Kohila,"House No. 356, Punjabi University Street, Patiala"
613,Abimanu,"House No. 496, Sirhind Road Street, Patiala"
614,Elliloviyam,"House No. 411, Sirhind Road Colony, Patiala"
615,Laraniya,"House No. 201, Mall Road Market, Patiala"
616,Tharkana,"House No. 121, Rajpura Road Colony, Patiala"
617,Lilanthi,"House No. 203, Railway Station Road, Patiala"
618,Himansh,"House No. 310, Punjabi University Street, Patiala"
619,Akarsha,"House No. 52, Punjabi University Street, Patiala"
620,Nillavi,"House No. 418, Rajpura Road Enclave, Patiala"
621,Gowtheepen,"House No. 423, Thapar University Enclave, Patiala"
622,Mehgan,"House No. 208, Rajpura Road Colony, Patiala"
623,Siddh,"House No. 102, Leela Bhawan Enclave, Patiala"
624,Guru Dutt,"House No. 347, Lower Mall Street, Patiala"
625,Krushi,"House No. 331, Railway Station Market, Patiala"
626,Jeyappiragash,"House No. 208, Mall Road Road, Patiala"
627,Sree Sabari,"House No. 371, Choti Baradari Phase, Patiala"
628,Neeraga,"House No. 115, Patiala Bus Stand Street, Patiala"
629,Devatideva,"House No. 36, Urban Estate Phase 2 Street, Patiala"
630,Maccha,"House No. 170, Railway Station Colony, Patiala"
631,Baisakhi,"House No. 376, Nabha Road Phase, Patiala"
632,Brahatshan,"House No. 6, Patiala Bus Stand Market, Patiala"
633,Abhiral,"House No. 439, Adalat Bazar Phase, Patiala"
634,Lathurami,"House No. 71, Rajindra Hospital Phase, Patiala"
635,Roeshini,"House No. 14, Gopal Sweets Street, Patiala"
636,Samuthrathanayai,"House No. 108, Tripri Street, Patiala"
637,Asokana,"House No. 489, Thapar University Market, Patiala"
638,Pramilarani,"House No. 458, Punjabi University Colony, Patiala"
639,Anchana,"House No. 417, Railway Station Colony, Patiala"
640,Chivan,"House No. 237, Tripri Road, Patiala"
641,Indrakanta,"House No. 16, Phowara Chowk Enclave, Patiala"
642,Bharathiraja,"House No. 40, Anardana Chowk Street, Patiala"
643,Thushari,"House No. 18, Nabha Road Street, Patiala"
644,Mohanakumari,"House No. 338, Rajindra Hospital Phase, Patiala"
645,Kersan,"House No. 251, Railway Station Enclave, Patiala"
646,Lashaana,"House No. 281, Rajindra Hospital Phase, Patiala"
647,Poomahal,"House No. 38, Sirhind Road Enclave, Patiala"
648,Sivalingam,"House No. 64, Lower Mall Road, Patiala"
649,Apurva,"House No. 248, Tripri Phase, Patiala"
650,Adhana,"House No. 403, Gopal Sweets Street, Patiala"
651,Samarendra,"House No. 295, Anardana Chowk Road, Patiala"
652,Suriya,"House No. 225, Tripri Street, Patiala"
653,Dharsica,"House No. 368, Adalat Bazar Colony, Patiala"
654,Ellilvizhi,"House No. 342, Railway Station Road, Patiala"
655,Kirijanth,"House No. 470, Adalat Bazar Colony, Patiala"
656,Saayeeshan,"House No. 373, Model Town Enclave, Patiala"
657,Lishanya,"House No. 338, Gopal Sweets Road, Patiala"
658,Sreejith,"House No. 382, Adalat Bazar Enclave, Patiala"
659,Prajapati,"House No. 146, Rajindra Hospital Market, Patiala"
660,Gangashri,"House No. 118, Patiala Bus Stand Market, Patiala"
661,Mishrak,"House No. 469, Adalat Bazar Road, Patiala"
662,Yudhvir,"House No. 175, Lower Mall Phase, Patiala"
663,Bishwambhar,"House No. 387, Sirhind Road Colony, Patiala"
664,Sreesaran,"House No. 28, Punjabi University Enclave, Patiala"
665,Danuxhna,"House No. 51, Patiala Bus Stand Road, Patiala"
666,Nirmalah,"House No. 220, Gopal Sweets Enclave, Patiala"
667,Kunthi,"House No. 136, Model Town Street, Patiala"
668,Sathuriyan,"House No. 281, Lower Mall Phase, Patiala"
669,Aahesh,"House No. 20, Urban Estate Phase 2 Market, Patiala"
670,Gishi,"House No. 83, Anardana Chowk Market, Patiala"
671,Laher,"House No. 235, Moti Bagh Palace Colony, Patiala"
672,Shatrukan,"House No. 243, Thapar University Colony, Patiala"
673,Praanjal,"House No. 122, Urban Estate Phase 2 Enclave, Patiala"
674,Rachiyata,"House No. 236, Moti Bagh Palace Colony, Patiala"
675,Abraham,"House No. 56, Thapar University Market, Patiala"
676,Malarkodi,"House No. 491, Phowara Chowk Colony, Patiala"
677,Manmatha,"House No. 313, Punjabi University Enclave, Patiala"
678,Yashila,"House No. 260, Tripri Street, Patiala"
679,Mareeswari,"House No. 131, Nabha Road Phase, Patiala"
680,Vaamitha,"House No. 93, Patiala Bus Stand Enclave, Patiala"
681,Oishani,"House No. 72, Leela Bhawan Market, Patiala"
682,Namyuthan,"House No. 413, Punjabi University Street, Patiala"
683,Krithika,"House No. 320, Moti Bagh Palace Road, Patiala"
684,Hirushan,"House No. 228, Lower Mall Phase, Patiala"
685,Naved,"House No. 228, Lower Mall Enclave, Patiala"
686,Andhika,"House No. 14, Thapar University Market, Patiala"
687,Anandharaj,"House No. 261, Anardana Chowk Colony, Patiala"
688,Virubaa,"House No. 492, Choti Baradari Market, Patiala"
689,Dhore,"House No. 190, Mall Road Market, Patiala"
690,Anunthini,"House No. 62, Tripri Street, Patiala"
691,Jasanthan,"House No. 38, Model Town Street, Patiala"
692,Aadhithya,"House No. 163, Tripri Colony, Patiala"
693,Chhavvi,"House No. 388, Nabha Road Road, Patiala"
694,Luckya,"House No. 344, Mall Road Road, Patiala"
695,Deleena,"House No. 341, Nabha Road Colony, Patiala"
696,Umeshkar,"House No. 466, Urban Estate Phase 2 Street, Patiala"
697,Aruni,"House No. 341, Mall Road Colony, Patiala"
698,Illamthiriyan,"House No. 130, Lower Mall Phase, Patiala"
699,Gurleen,"House No. 243, Patiala Bus Stand Market, Patiala"
700,Venaisha,"House No. 205, Nabha Road Colony, Patiala"
701,Kaarthigayini,"House No. 222, Railway Station Enclave, Patiala"
702,Gaayanth,"House No. 167, Rajindra Hospital Phase, Patiala"
703,Aanya,"House No. 117, Patiala Bus Stand Market, Patiala"
704,Karkuzhali,"House No. 51, Model Town Street, Patiala"
705,Aaheerthana,"House No. 385, Thapar University Colony, Patiala"
706,Lekisha,"House No. 462, Adalat Bazar Street, Patiala"
707,Elanko,"House No. 148, Nabha Road Market, Patiala"
708,Darlene,"House No. 261, Moti Bagh Palace Market, Patiala"
709,Elilventhan,"House No. 213, Gopal Sweets Road, Patiala"
710,Dhithi,"House No. 186, Punjabi University Road, Patiala"
711,Tharishna,"House No. 189, Nabha Road Street, Patiala"
712,Samaj,"House No. 168, Punjabi University Road, Patiala"
713,Thanaraj,"House No. 282, Thapar University Colony, Patiala"
714,Shanthooshan,"House No. 111, Gopal Sweets Market, Patiala"
715,Yaaratha,"House No. 291, Patiala Bus Stand Enclave, Patiala"
716,Pushkara,"House No. 68, Rajpura Road Enclave, Patiala"
717,Thahana,"House No. 176, Model Town Market, Patiala"
718,Jesliya,"House No. 423, Nabha Road Colony, Patiala"
719,Naseer,"House No. 80, Anardana Chowk Enclave, Patiala"
720,Kabir,"House No. 65, Lower Mall Colony, Patiala"
721,Dilani,"House No. 40, Railway Station Enclave, Patiala"
722,Malyuththan,"House No. 473, Nabha Road Road, Patiala"
723,Prabana,"House No. 497, Rajindra Hospital Enclave, Patiala"
724,Kanjak,"House No. 461, Rajindra Hospital Enclave, Patiala"
725,Nizamuddeen,"House No. 34, Lower Mall Enclave, Patiala"
726,Indus,"House No. 109, Urban Estate Phase 2 Colony, Patiala"
727,Gandhini,"House No. 331, Punjabi University Enclave, Patiala"
728,Yathooshana,"House No. 485, Rajindra Hospital Phase, Patiala"
729,Kirupan,"House No. 212, Adalat Bazar Road, Patiala"
730,Shah,"House No. 139, Thapar University Enclave, Patiala"
731,Rupinder,"House No. 395, Nabha Road Colony, Patiala"
732,Gowrangi,"House No. 45, Rajindra Hospital Enclave, Patiala"
733,Vrisan,"House No. 387, Rajindra Hospital Road, Patiala"
734,Lakarya,"House No. 413, Punjabi University Road, Patiala"
735,Ajitaabh,"House No. 197, Patiala Bus Stand Market, Patiala"
736,Jalan,"House No. 100, Choti Baradari Colony, Patiala"
737,Thirumalaiselvi,"House No. 132, Gopal Sweets Road, Patiala"
738,Vijayshana,"House No. 253, Punjabi University Colony, Patiala"
739,Danya,"House No. 274, Patiala Bus Stand Phase, Patiala"
740,Badshah,"House No. 37, Choti Baradari Colony, Patiala"
741,Pundir,"House No. 141, Phowara Chowk Colony, Patiala"
742,Govindarajulu,"House No. 2, Railway Station Enclave, Patiala"
743,Susharan,"House No. 326, Phowara Chowk Colony, Patiala"
744,Sashikumar,"House No. 321, Punjabi University Phase, Patiala"
745,Kowshika,"House No. 429, Adalat Bazar Colony, Patiala"
746,Mahilana,"House No. 151, Anardana Chowk Market, Patiala"
747,Samanwi,"House No. 100, Punjabi University Street, Patiala"
748,Sai deepan,"House No. 329, Rajindra Hospital Phase, Patiala"
749,Prahalan,"House No. 288, Sirhind Road Street, Patiala"
750,Keethikasri,"House No. 253, Rajpura Road Market, Patiala"
751,Kathyaani,"House No. 193, Anardana Chowk Market, Patiala"
752,Subhy,"House No. 128, Urban Estate Phase 2 Market, Patiala"
753,Saravanan,"House No. 484, Tripri Street, Patiala"
754,Chyavan,"House No. 471, Tripri Street, Patiala"
755,Ekaant,"House No. 222, Tripri Market, Patiala"
756,Jainarayan,"House No. 28, Lower Mall Road, Patiala"
757,Bhuwan,"House No. 132, Mall Road Street, Patiala"
758,Vithyashini,"House No. 221, Choti Baradari Enclave, Patiala"
759,Isha Kritik,"House No. 222, Gopal Sweets Phase, Patiala"
760,Devnarayan,"House No. 151, Tripri Enclave, Patiala"
761,Varaahamihir,"House No. 220, Leela Bhawan Enclave, Patiala"
762,Harshiv,"House No. 245, Adalat Bazar Street, Patiala"
763,Vimysha,"House No. 239, Punjabi University Colony, Patiala"
764,Jakatha,"House No. 431, Patiala Bus Stand Market, Patiala"
765,Perarasan,"House No. 255, Tripri Road, Patiala"
766,Cajentha,"House No. 387, Mall Road Phase, Patiala"
767,Suneet,"House No. 22, Rajpura Road Market, Patiala"
768,Neroshanth,"House No. 214, Patiala Bus Stand Street, Patiala"
769,Nathlini,"House No. 151, Urban Estate Phase 2 Colony, Patiala"
770,Kamalini,"House No. 47, Choti Baradari Street, Patiala"
771,Amudha,"House No. 186, Patiala Bus Stand Street, Patiala"
772,Aarati,"House No. 384, Nabha Road Street, Patiala"
773,Kivshara,"House No. 151, Sirhind Road Market, Patiala"
774,Chinthanaichelvan,"House No. 38, Nabha Road Enclave, Patiala"
775,Preran,"House No. 41, Tripri Enclave, Patiala"
776,Kiruthan,"House No. 161, Phowara Chowk Street, Patiala"
777,Veyaamini,"House No. 243, Tripri Street, Patiala"
778,Anoshika,"House No. 438, Sirhind Road Enclave, Patiala"
779,Mogilan,"House No. 205, Gopal Sweets Phase, Patiala"
780,Pomesh,"House No. 491, Thapar University Phase, Patiala"
781,Ramyaashri,"House No. 485, Thapar University Road, Patiala"
782,Akeem,"House No. 378, Patiala Bus Stand Road, Patiala"
783,Niraathi,"House No. 253, Punjabi University Market, Patiala"
784,Kriteeni,"House No. 428, Tripri Colony, Patiala"
785,Banshi,"House No. 318, Urban Estate Phase 2 Market, Patiala"
786,Thamini,"House No. 337, Anardana Chowk Phase, Patiala"
787,Artha,"House No. 411, Choti Baradari Colony, Patiala"
788,Baalatripurasundari,"House No. 423, Patiala Bus Stand Colony, Patiala"
789,Varisayan,"House No. 344, Model Town Colony, Patiala"
790,Abhinit,"House No. 384, Moti Bagh Palace Phase, Patiala"
791,Chandranshu,"House No. 225, Model Town Road, Patiala"
792,Eeshta,"House No. 406, Thapar University Enclave, Patiala"
793,Danishaa,"House No. 426, Gopal Sweets Market, Patiala"
794,Mathna,"House No. 428, Patiala Bus Stand Street, Patiala"
795,Aloke,"House No. 258, Punjabi University Enclave, Patiala"
796,Swami,"House No. 45, Moti Bagh Palace Colony, Patiala"
797,Pundari,"House No. 179, Nabha Road Road, Patiala"
798,Sangeeta,"House No. 495, Leela Bhawan Enclave, Patiala"
799,Isaiyalan,"House No. 479, Rajindra Hospital Street, Patiala"
800,Kanalesh,"House No. 422, Mall Road Street, Patiala"
801,Sharvesh,"House No. 92, Phowara Chowk Enclave, Patiala"
802,Poovizi,"House No. 334, Railway Station Road, Patiala"
803,Vachya,"House No. 34, Moti Bagh Palace Market, Patiala"
804,Mihira,"House No. 238, Mall Road Market, Patiala"
805,Chinmai,"House No. 404, Urban Estate Phase 2 Enclave, Patiala"
806,Vethana,"House No. 252, Mall Road Road, Patiala"
807,Bhoopat,"House No. 249, Phowara Chowk Enclave, Patiala"
808,Thusika,"House No. 355, Sirhind Road Phase, Patiala"
809,Timila,"House No. 358, Model Town Street, Patiala"
810,Pushthi,"House No. 478, Model Town Market, Patiala"
811,Abimaren,"House No. 316, Patiala Bus Stand Phase, Patiala"
812,Abdul Ali,"House No. 460, Adalat Bazar Market, Patiala"
813,Birindar,"House No. 458, Lower Mall Phase, Patiala"
814,Gokulakanna,"House No. 11, Choti Baradari Road, Patiala"
815,Rajivna,"House No. 331, Railway Station Road, Patiala"
816,Niti,"House No. 462, Nabha Road Market, Patiala"
817,Sarathan,"House No. 174, Mall Road Colony, Patiala"
818,Mythavaran,"House No. 389, Punjabi University Street, Patiala"
819,Kiirtika,"House No. 463, Phowara Chowk Market, Patiala"
820,Maiyooran,"House No. 38, Tripri Colony, Patiala"
821,Yasoda,"House No. 91, Rajpura Road Phase, Patiala"
822,Devasenapati,"House No. 341, Patiala Bus Stand Colony, Patiala"
823,Nishchit,"House No. 179, Anardana Chowk Phase, Patiala"
824,Madhulatha,"House No. 204, Leela Bhawan Market, Patiala"
825,Nomita,"House No. 438, Sirhind Road Road, Patiala"
826,Yashvi,"House No. 125, Leela Bhawan Street, Patiala"
827,Biraaj,"House No. 424, Urban Estate Phase 2 Phase, Patiala"
828,Gayatri,"House No. 309, Choti Baradari Enclave, Patiala"
829,Elaventhan,"House No. 302, Rajindra Hospital Enclave, Patiala"
830,Sarbojit,"House No. 43, Choti Baradari Street, Patiala"
831,Kukan,"House No. 274, Urban Estate Phase 2 Colony, Patiala"
832,Sabal,"House No. 186, Rajindra Hospital Phase, Patiala"
833,Divisha,"House No. 263, Tripri Street, Patiala"
834,Rithikrajan,"House No. 21, Mall Road Road, Patiala"
835,Mirthisha,"House No. 278, Thapar University Colony, Patiala"
836,Thawmiya,"House No. 52, Punjabi University Colony, Patiala"
837,Nigaran,"House No. 357, Choti Baradari Market, Patiala"
838,Piyush,"House No. 153, Moti Bagh Palace Enclave, Patiala"
839,Veshanthini,"House No. 32, Urban Estate Phase 2 Enclave, Patiala"
840,Moumitha,"House No. 441, Rajindra Hospital Road, Patiala"
841,Druki,"House No. 249, Phowara Chowk Market, Patiala"
842,Shivin,"House No. 215, Moti Bagh Palace Road, Patiala"
843,Thujani,"House No. 279, Anardana Chowk Colony, Patiala"
844,Dinuya,"House No. 337, Adalat Bazar Phase, Patiala"
845,Anoyan,"House No. 255, Tripri Street, Patiala"
846,Yogathasen,"House No. 267, Punjabi University Phase, Patiala"
847,Gowri,"House No. 369, Patiala Bus Stand Enclave, Patiala"
848,Yarivaranthan,"House No. 426, Sirhind Road Phase, Patiala"
849,Niththik,"House No. 55, Adalat Bazar Road, Patiala"
850,Ananthaveena,"House No. 131, Anardana Chowk Enclave, Patiala"
851,Aaysha,"House No. 142, Lower Mall Phase, Patiala"
852,Elumalainaathan,"House No. 456, Lower Mall Colony, Patiala"
853,Rahni,"House No. 298, Nabha Road Road, Patiala"
854,Ameyaa,"House No. 408, Adalat Bazar Road, Patiala"
855,Charulata,"House No. 347, Mall Road Enclave, Patiala"
856,Vakthees,"House No. 300, Choti Baradari Street, Patiala"
857,Dharmikashri,"House No. 15, Phowara Chowk Enclave, Patiala"
858,Nithashan,"House No. 58, Leela Bhawan Road, Patiala"
859,Patala,"House No. 239, Thapar University Phase, Patiala"
860,Naminthini,"House No. 393, Rajindra Hospital Street, Patiala"
861,Varshikka,"House No. 249, Rajindra Hospital Road, Patiala"
862,Dharshwin,"House No. 217, Railway Station Street, Patiala"
863,Agimsan,"House No. 80, Choti Baradari Street, Patiala"
864,Divashan,"House No. 477, Adalat Bazar Enclave, Patiala"
865,Pranit,"House No. 50, Phowara Chowk Enclave, Patiala"
866,Vishoth,"House No. 254, Patiala Bus Stand Street, Patiala"
867,Junaitha,"House No. 56, Phowara Chowk Market, Patiala"
868,Yaatra,"House No. 221, Thapar University Colony, Patiala"
869,Eelam,"House No. 421, Urban Estate Phase 2 Enclave, Patiala"
870,Rubayasvinya,"House No. 424, Rajpura Road Market, Patiala"
871,Bhavagna,"House No. 94, Patiala Bus Stand Phase, Patiala"
872,Aademma,"House No. 351, Punjabi University Phase, Patiala"
873,Dhishani,"House No. 344, Tripri Colony, Patiala"
874,Karunagaran,"House No. 102, Moti Bagh Palace Street, Patiala"
875,Punyah,"House No. 69, Lower Mall Street, Patiala"
876,Madhukavin,"House No. 477, Patiala Bus Stand Street, Patiala"
877,Tarita,"House No. 84, Rajindra Hospital Street, Patiala"
878,Iaitheegen,"House No. 349, Gopal Sweets Colony, Patiala"
879,Agalyakaran,"House No. 263, Rajindra Hospital Enclave, Patiala"
880,Kaeshihan,"House No. 117, Thapar University Enclave, Patiala"
881,Ashit,"House No. 340, Rajindra Hospital Phase, Patiala"
882,Anusia,"House No. 37, Moti Bagh Palace Market, Patiala"
883,Sahinsan,"House No. 310, Rajindra Hospital Market, Patiala"
884,Kirusha,"House No. 245, Choti Baradari Street, Patiala"
885,Kalimohan,"House No. 390, Adalat Bazar Road, Patiala"
886,Arshayan,"House No. 285, Punjabi University Colony, Patiala"
887,Vanesha,"House No. 170, Choti Baradari Road, Patiala"
888,Jaskirat,"House No. 448, Lower Mall Phase, Patiala"
889,Bibhu,"House No. 232, Railway Station Enclave, Patiala"
890,Viginee,"House No. 279, Phowara Chowk Street, Patiala"
891,Dhanamjay,"House No. 428, Gopal Sweets Enclave, Patiala"
892,Bismeet,"House No. 48, Leela Bhawan Street, Patiala"
893,Bharanitha,"House No. 246, Lower Mall Enclave, Patiala"
894,Yuvathika,"House No. 155, Choti Baradari Market, Patiala"
895,Kurmi,"House No. 64, Thapar University Phase, Patiala"
896,Arthish,"House No. 149, Urban Estate Phase 2 Street, Patiala"
897,Anushen,"House No. 392, Thapar University Road, Patiala"
898,Thiagarajan,"House No. 340, Moti Bagh Palace Colony, Patiala"
899,Gnanamohan,"House No. 168, Anardana Chowk Market, Patiala"
900,Devika,"House No. 191, Anardana Chowk Street, Patiala"
901,Anvith,"House No. 59, Nabha Road Phase, Patiala"
902,Tharanthi,"House No. 326, Punjabi University Phase, Patiala"
903,Leethikaa,"House No. 376, Leela Bhawan Road, Patiala"
904,Monark,"House No. 19, Thapar University Street, Patiala"
905,Vaishanyasri,"House No. 302, Moti Bagh Palace Phase, Patiala"
906,Kamalanathan,"House No. 122, Leela Bhawan Enclave, Patiala"
907,Adithya ramanan,"House No. 466, Adalat Bazar Enclave, Patiala"
908,Abhinaya,"House No. 169, Thapar University Road, Patiala"
909,Jennessa,"House No. 321, Punjabi University Road, Patiala"
910,Jivita,"House No. 189, Rajindra Hospital Street, Patiala"
911,Yatindra,"House No. 326, Adalat Bazar Market, Patiala"
912,Aanandatha,"House No. 93, Thapar University Street, Patiala"
913,Thakarshi,"House No. 164, Rajpura Road Phase, Patiala"
914,Lithyani,"House No. 84, Thapar University Market, Patiala"
915,Srijayan,"House No. 130, Punjabi University Phase, Patiala"
916,Magiesha,"House No. 431, Anardana Chowk Phase, Patiala"
917,Arun prakash,"House No. 374, Moti Bagh Palace Street, Patiala"
918,Keerthikeyan,"House No. 51, Anardana Chowk Phase, Patiala"
919,Srivanth,"House No. 321, Urban Estate Phase 2 Colony, Patiala"
920,Kunesh,"House No. 272, Urban Estate Phase 2 Street, Patiala"
921,Tavesh,"House No. 305, Tripri Colony, Patiala"
922,Jeneesh kumar,"House No. 275, Mall Road Market, Patiala"
923,Apitha,"House No. 329, Choti Baradari Colony, Patiala"
924,Anoor,"House No. 436, Rajindra Hospital Phase, Patiala"
925,Puviyazhan,"House No. 80, Choti Baradari Market, Patiala"
926,Duran,"House No. 438, Thapar University Market, Patiala"
927,Lila,"House No. 13, Anardana Chowk Phase, Patiala"
928,Nishhcitha,"House No. 388, Rajindra Hospital Market, Patiala"
929,Jathushara,"House No. 356, Model Town Market, Patiala"
930,Gouritha,"House No. 379, Patiala Bus Stand Market, Patiala"
931,Routhiran,"House No. 315, Rajpura Road Phase, Patiala"
932,Biswa,"House No. 394, Rajpura Road Street, Patiala"
933,Khazana,"House No. 12, Railway Station Road, Patiala"
934,Chetanaanand,"House No. 391, Nabha Road Market, Patiala"
935,Vikatinanda,"House No. 90, Rajindra Hospital Market, Patiala"
936,Nithiyanandan,"House No. 402, Adalat Bazar Street, Patiala"
937,Yatharthana,"House No. 223, Anardana Chowk Street, Patiala"
938,Sasvath,"House No. 457, Mall Road Phase, Patiala"
939,Havva,"House No. 295, Mall Road Market, Patiala"
940,Gerothis,"House No. 316, Model Town Road, Patiala"
941,Thanyaa,"House No. 206, Punjabi University Enclave, Patiala"
942,Niveethan,"House No. 137, Gopal Sweets Street, Patiala"
943,Sukunnan,"House No. 415, Punjabi University Market, Patiala"
944,Achmani,"House No. 496, Moti Bagh Palace Enclave, Patiala"
945,Arputhan,"House No. 15, Thapar University Market, Patiala"
946,Neeva,"House No. 305, Sirhind Road Colony, Patiala"
947,Purushottam,"House No. 396, Phowara Chowk Enclave, Patiala"
948,Pathmakala,"House No. 253, Punjabi University Market, Patiala"
949,Veemithikan,"House No. 253, Mall Road Road, Patiala"
950,Ashravya,"House No. 187, Lower Mall Colony, Patiala"
951,Padmalaya,"House No. 59, Model Town Street, Patiala"
952,Nathin,"House No. 481, Model Town Market, Patiala"
953,Raveena,"House No. 464, Nabha Road Enclave, Patiala"
954,Mamatha,"House No. 36, Sirhind Road Phase, Patiala"
955,Bahurai,"House No. 116, Mall Road Road, Patiala"
956,Aajeevan,"House No. 45, Rajindra Hospital Street, Patiala"
957,Tharshaan,"House No. 354, Sirhind Road Enclave, Patiala"
958,Jeyalakshmy,"House No. 3, Thapar University Street, Patiala"
959,Prithivya,"House No. 479, Phowara Chowk Enclave, Patiala"
960,Kalpagam,"House No. 109, Model Town Street, Patiala"
961,Saket Sriram,"House No. 460, Nabha Road Colony, Patiala"
962,Dananth,"House No. 55, Moti Bagh Palace Colony, Patiala"
963,Yaathanga,"House No. 254, Patiala Bus Stand Enclave, Patiala"
964,Humshika,"House No. 146, Railway Station Road, Patiala"
965,Kamraj,"House No. 442, Adalat Bazar Market, Patiala"
966,Anjushri,"House No. 24, Rajindra Hospital Phase, Patiala"
967,Sihaan,"House No. 57, Thapar University Enclave, Patiala"
968,Vikrama rajan,"House No. 232, Urban Estate Phase 2 Market, Patiala"
969,Baherathan,"House No. 316, Patiala Bus Stand Street, Patiala"
970,Vedharth,"House No. 324, Adalat Bazar Phase, Patiala"
971,Yoshmitha,"House No. 118, Adalat Bazar Enclave, Patiala"
972,Chithruban,"House No. 486, Thapar University Enclave, Patiala"
973,Jenanithan,"House No. 260, Anardana Chowk Market, Patiala"
974,Nirthesha,"House No. 357, Anardana Chowk Enclave, Patiala"
975,Thaarun,"House No. 421, Tripri Street, Patiala"
976,Dhatchaya,"House No. 288, Gopal Sweets Street, Patiala"
977,Ponpugalini,"House No. 281, Tripri Market, Patiala"
978,Logabriyan,"House No. 286, Model Town Phase, Patiala"
979,Yavanika,"House No. 496, Moti Bagh Palace Street, Patiala"
980,Abirnatha,"House No. 333, Gopal Sweets Phase, Patiala"
981,Siddhanath,"House No. 83, Punjabi University Street, Patiala"
982,Duhita,"House No. 343, Rajindra Hospital Colony, Patiala"
983,Svayambhut,"House No. 106, Moti Bagh Palace Colony, Patiala"
984,Sudhamay,"House No. 223, Lower Mall Market, Patiala"
985,Kaaviyapriyan,"House No. 461, Urban Estate Phase 2 Road, Patiala"
986,Ushenya,"House No. 160, Tripri Colony, Patiala"
987,Vickna,"House No. 386, Thapar University Market, Patiala"
988,Vijayaletchemi,"House No. 25, Punjabi University Enclave, Patiala"
989,Moulini,"House No. 384, Phowara Chowk Street, Patiala"
990,Thivyanee,"House No. 168, Moti Bagh Palace Street, Patiala"
991,Kumudni,"House No. 366, Patiala Bus Stand Market, Patiala"
992,Dayashankar,"House No. 268, Lower Mall Colony, Patiala"
993,Yukeshana,"House No. 436, Gopal Sweets Phase, Patiala"
994,Kenga,"House No. 143, Phowara Chowk Market, Patiala"
995,Abani,"House No. 442, Model Town Colony, Patiala"
996,Mellina,"House No. 175, Tripri Colony, Patiala"
997,Adedev,"House No. 416, Urban Estate Phase 2 Road, Patiala"
998,Maalolan,"House No. 10, Leela Bhawan Market, Patiala"
999,Bhagyaraj,"House No. 93, Lower Mall Enclave, Patiala"
1000,Deepanshi,"House No. 40, Anardana Chowk Colony, Patiala"
